{"cameraMode":{"drawMode":0,"name":"Shaded","section":"Shading Mode"},"sceneLighting":true,"audioPlay":false,"sceneViewState":{"showFog":true,"showMaterialUpdate":false,"showSkybox":true,"showFlares":true,"showImageEffects":true,"showParticleSystems":true},"in2DMode":false,"pivot":{"x":-12.020464897155762,"y":15.668015480041504,"z":-3.4167444705963136},"rotation":{"x":-0.32652461528778078,"y":-0.6059623956680298,"z":0.29946431517601015,"w":-0.6607059240341187},"size":20.01976776123047,"orthographic":false}