{"cameraMode":{"drawMode":0,"name":"Shaded","section":"Shading Mode"},"sceneLighting":true,"audioPlay":false,"sceneViewState":{"showFog":true,"showMaterialUpdate":false,"showSkybox":true,"showFlares":true,"showImageEffects":true,"showParticleSystems":true},"in2DMode":false,"pivot":{"x":1566.22314453125,"y":-897.3375854492188,"z":702.457763671875},"rotation":{"x":0.19831126928329469,"y":0.528304934501648,"z":-0.1284010261297226,"w":0.8155654072761536},"size":2016.420166015625,"orthographic":false}