{"cameraMode":{"drawMode":0,"name":"Shaded","section":"Shading Mode"},"sceneLighting":false,"audioPlay":false,"sceneViewState":{"showFog":true,"showMaterialUpdate":false,"showSkybox":false,"showFlares":true,"showImageEffects":true,"showParticleSystems":true},"in2DMode":false,"pivot":{"x":-2.030038833618164,"y":0.8493211269378662,"z":-8.60732650756836},"rotation":{"x":-0.026314860209822656,"y":-0.9634802341461182,"z":0.10372979193925858,"w":-0.24588730931282044},"size":14.319157600402832,"orthographic":false}