{"cameraMode":{"drawMode":0,"name":"Shaded","section":"Shading Mode"},"sceneLighting":true,"audioPlay":false,"sceneViewState":{"showFog":true,"showMaterialUpdate":false,"showSkybox":true,"showFlares":true,"showImageEffects":true,"showParticleSystems":true},"in2DMode":false,"pivot":{"x":28.125207901000978,"y":92.03422546386719,"z":-25.276325225830079},"rotation":{"x":0.5931992530822754,"y":0.13218820095062257,"z":-0.09943839907646179,"w":0.7879443168640137},"size":8.773953437805176,"orthographic":false}