{"cameraMode":{"drawMode":0,"name":"Shaded","section":"Shading Mode"},"sceneLighting":false,"audioPlay":false,"sceneViewState":{"showFog":true,"showMaterialUpdate":false,"showSkybox":false,"showFlares":true,"showImageEffects":true,"showParticleSystems":true},"in2DMode":false,"pivot":{"x":0.5045186877250671,"y":0.24470268189907075,"z":1.476692795753479},"rotation":{"x":0.1338224560022354,"y":0.2383219450712204,"z":-0.03316870331764221,"w":0.9613678455352783},"size":11.783357620239258,"orthographic":false}