{"cameraMode":{"drawMode":0,"name":"Shaded","section":"Shading Mode"},"sceneLighting":false,"audioPlay":false,"sceneViewState":{"showFog":true,"showMaterialUpdate":false,"showSkybox":false,"showFlares":true,"showImageEffects":true,"showParticleSystems":true},"in2DMode":false,"pivot":{"x":1.159034252166748,"y":0.30739259719848635,"z":-0.15484333038330079},"rotation":{"x":0.30955183506011965,"y":0.18804065883159638,"z":-0.06258419901132584,"w":0.9300186634063721},"size":11.783357620239258,"orthographic":false}