{"cameraMode":{"drawMode":0,"name":"Shaded","section":"Shading Mode"},"sceneLighting":false,"audioPlay":false,"sceneViewState":{"showFog":true,"showMaterialUpdate":false,"showSkybox":false,"showFlares":true,"showImageEffects":true,"showParticleSystems":true},"in2DMode":false,"pivot":{"x":-0.28513333201408389,"y":2.8633339405059816,"z":-2.1326465606689455},"rotation":{"x":0.021846607327461244,"y":-0.8226335644721985,"z":-0.03143993020057678,"w":-0.567459225654602},"size":14.319157600402832,"orthographic":false}