{"cameraMode":{"drawMode":0,"name":"Shaded","section":"Shading Mode"},"sceneLighting":false,"audioPlay":false,"sceneViewState":{"showFog":true,"showMaterialUpdate":false,"showSkybox":false,"showFlares":true,"showImageEffects":true,"showParticleSystems":true},"in2DMode":false,"pivot":{"x":2.5455355644226076,"y":3.526313066482544,"z":0.6750888824462891},"rotation":{"x":-0.0025370235089212658,"y":0.3297174870967865,"z":0.0008946539019234479,"w":0.9440945982933044},"size":11.783357620239258,"orthographic":false}