{"cameraMode":{"drawMode":0,"name":"Shaded","section":"Shading Mode"},"sceneLighting":false,"audioPlay":false,"sceneViewState":{"showFog":true,"showMaterialUpdate":false,"showSkybox":false,"showFlares":true,"showImageEffects":true,"showParticleSystems":true},"in2DMode":false,"pivot":{"x":0.947563648223877,"y":1.3349108695983887,"z":1.8929948806762696},"rotation":{"x":0.07782190293073654,"y":0.4255581796169281,"z":-0.03686170279979706,"w":0.9009243249893189},"size":11.696393966674805,"orthographic":false}