{"cameraMode":{"drawMode":0,"name":"Shaded","section":"Shading Mode"},"sceneLighting":false,"audioPlay":false,"sceneViewState":{"showFog":true,"showMaterialUpdate":false,"showSkybox":false,"showFlares":true,"showImageEffects":true,"showParticleSystems":true},"in2DMode":false,"pivot":{"x":-5.3984694480896,"y":3.9638760089874269,"z":-9.814367294311524},"rotation":{"x":-0.02016746625304222,"y":-0.057898297905921939,"z":0.0013233604840934277,"w":-0.9982231259346008},"size":5.670938014984131,"orthographic":false}