{"cameraMode":{"drawMode":0,"name":"Shaded","section":"Shading Mode"},"sceneLighting":false,"audioPlay":false,"sceneViewState":{"showFog":true,"showMaterialUpdate":false,"showSkybox":false,"showFlares":true,"showImageEffects":true,"showParticleSystems":true},"in2DMode":false,"pivot":{"x":5.504243850708008,"y":-0.31786543130874636,"z":-1.0783419609069825},"rotation":{"x":0.021975217387080194,"y":0.7904638648033142,"z":-0.028266141191124917,"w":0.6116714477539063},"size":12.124975204467774,"orthographic":false}