{"cameraMode":{"drawMode":0,"name":"Shaded","section":"Shading Mode"},"sceneLighting":false,"audioPlay":false,"sceneViewState":{"showFog":true,"showMaterialUpdate":false,"showSkybox":false,"showFlares":true,"showImageEffects":true,"showParticleSystems":true},"in2DMode":false,"pivot":{"x":-3.7844905853271486,"y":0.39654111862182619,"z":2.4594364166259767},"rotation":{"x":-0.14943954348564149,"y":0.7663397789001465,"z":-0.19266608357429505,"w":-0.5943885445594788},"size":9.224408149719239,"orthographic":false}