{"cameraMode":{"drawMode":0,"name":"Shaded","section":"Shading Mode"},"sceneLighting":false,"audioPlay":false,"sceneViewState":{"showFog":true,"showMaterialUpdate":false,"showSkybox":false,"showFlares":true,"showImageEffects":true,"showParticleSystems":true},"in2DMode":false,"pivot":{"x":4.779857635498047,"y":1.2677147388458253,"z":-3.068042278289795},"rotation":{"x":-0.002524034585803747,"y":-0.8619415163993836,"z":0.004560060799121857,"w":-0.5071802735328674},"size":14.319157600402832,"orthographic":false}