{"cameraMode":{"drawMode":0,"name":"Shaded","section":"Shading Mode"},"sceneLighting":false,"audioPlay":false,"sceneViewState":{"showFog":true,"showMaterialUpdate":false,"showSkybox":false,"showFlares":true,"showImageEffects":true,"showParticleSystems":true},"in2DMode":false,"pivot":{"x":0.05155670642852783,"y":1.1130943298339844,"z":3.480776786804199},"rotation":{"x":0.32229238748550417,"y":0.12883497774600984,"z":-0.044231995940208438,"w":0.9369012713432312},"size":4.041658401489258,"orthographic":false}