{"cameraMode":{"drawMode":0,"name":"Shaded","section":"Shading Mode"},"sceneLighting":true,"audioPlay":false,"sceneViewState":{"showFog":true,"showMaterialUpdate":false,"showSkybox":true,"showFlares":true,"showImageEffects":true,"showParticleSystems":true},"in2DMode":false,"pivot":{"x":-8.0874662399292,"y":20.8880672454834,"z":19.033958435058595},"rotation":{"x":0.07720932364463806,"y":0.8965713381767273,"z":-0.40038421750068667,"w":0.17289334535598756},"size":9.472880363464356,"orthographic":false}