{"cameraMode":{"drawMode":0,"name":"Shaded","section":"Shading Mode"},"sceneLighting":false,"audioPlay":false,"sceneViewState":{"showFog":true,"showMaterialUpdate":false,"showSkybox":false,"showFlares":true,"showImageEffects":true,"showParticleSystems":true},"in2DMode":false,"pivot":{"x":5.187332630157471,"y":0.17346924543380738,"z":0.8701584339141846},"rotation":{"x":0.018065117299556733,"y":0.6250171661376953,"z":-0.01457209326326847,"w":0.7803822159767151},"size":11.696393966674805,"orthographic":false}