{"cameraMode":{"drawMode":0,"name":"Shaded","section":"Shading Mode"},"sceneLighting":false,"audioPlay":false,"sceneViewState":{"showFog":true,"showMaterialUpdate":false,"showSkybox":false,"showFlares":true,"showImageEffects":true,"showParticleSystems":true},"in2DMode":false,"pivot":{"x":-11.007351875305176,"y":11.82081413269043,"z":-10.101544380187989},"rotation":{"x":-0.21856780350208283,"y":-0.37155771255493166,"z":0.09045714884996414,"w":-0.8977717161178589},"size":0.6000571846961975,"orthographic":false}