{"cameraMode":{"drawMode":0,"name":"Shaded","section":"Shading Mode"},"sceneLighting":false,"audioPlay":false,"sceneViewState":{"showFog":true,"showMaterialUpdate":false,"showSkybox":false,"showFlares":true,"showImageEffects":true,"showParticleSystems":true},"in2DMode":false,"pivot":{"x":2.3134756088256838,"y":-0.8543820381164551,"z":4.319059371948242},"rotation":{"x":0.14909274876117707,"y":0.2521003186702728,"z":-0.039337337017059329,"w":0.9553550481796265},"size":11.783357620239258,"orthographic":false}