{"cameraMode":{"drawMode":0,"name":"Shaded","section":"Shading Mode"},"sceneLighting":false,"audioPlay":false,"sceneViewState":{"showFog":true,"showMaterialUpdate":false,"showSkybox":false,"showFlares":true,"showImageEffects":true,"showParticleSystems":true},"in2DMode":false,"pivot":{"x":-3.925251007080078,"y":0.6919097900390625,"z":2.3976476192474367},"rotation":{"x":-0.13844886422157288,"y":0.7705776691436768,"z":-0.17904900014400483,"w":-0.5958264470100403},"size":9.224408149719239,"orthographic":false}