{"cameraMode":{"drawMode":0,"name":"Shaded","section":"Shading Mode"},"sceneLighting":true,"audioPlay":false,"sceneViewState":{"showFog":true,"showMaterialUpdate":false,"showSkybox":true,"showFlares":true,"showImageEffects":true,"showParticleSystems":true},"in2DMode":false,"pivot":{"x":233.16612243652345,"y":-99.97246551513672,"z":74.65184783935547},"rotation":{"x":-0.18515662848949433,"y":-0.5915348529815674,"z":0.1417119950056076,"w":-0.771953284740448},"size":460.2560729980469,"orthographic":false}