{"cameraMode":{"drawMode":0,"name":"Shaded","section":"Shading Mode"},"sceneLighting":true,"audioPlay":false,"sceneViewState":{"showFog":true,"showMaterialUpdate":false,"showSkybox":true,"showFlares":true,"showImageEffects":true,"showParticleSystems":true},"in2DMode":false,"pivot":{"x":-174.2897491455078,"y":153.1498565673828,"z":50.492095947265628},"rotation":{"x":0.14084666967391969,"y":0.8184615969657898,"z":-0.22633306682109834,"w":0.5092270374298096},"size":4.796882152557373,"orthographic":false}