{"cameraMode":{"drawMode":0,"name":"Shaded","section":"Shading Mode"},"sceneLighting":false,"audioPlay":false,"sceneViewState":{"showFog":true,"showMaterialUpdate":false,"showSkybox":false,"showFlares":true,"showImageEffects":true,"showParticleSystems":true},"in2DMode":false,"pivot":{"x":0.0679316520690918,"y":0.9685190916061401,"z":1.7168982028961182},"rotation":{"x":0.07635406404733658,"y":-0.7818840146064758,"z":0.09770416468381882,"w":0.6111516952514648},"size":0.28578826785087588,"orthographic":false}