{"cameraMode":{"drawMode":0,"name":"Shaded","section":"Shading Mode"},"sceneLighting":false,"audioPlay":false,"sceneViewState":{"showFog":true,"showMaterialUpdate":false,"showSkybox":false,"showFlares":true,"showImageEffects":true,"showParticleSystems":true},"in2DMode":false,"pivot":{"x":-21.89493751525879,"y":24.683210372924806,"z":4.910758018493652},"rotation":{"x":-0.015778204426169397,"y":-0.6601893305778503,"z":0.013870994560420514,"w":-0.7508578896522522},"size":72.18621826171875,"orthographic":false}