{"cameraMode":{"drawMode":0,"name":"Shaded","section":"Shading Mode"},"sceneLighting":false,"audioPlay":false,"sceneViewState":{"showFog":true,"showMaterialUpdate":false,"showSkybox":false,"showFlares":true,"showImageEffects":true,"showParticleSystems":true},"in2DMode":false,"pivot":{"x":0.0,"y":1.475000023841858,"z":2.0989999771118166},"rotation":{"x":-0.04460148885846138,"y":0.9547123312950134,"z":-0.1888878047466278,"w":-0.22576969861984254},"size":1.4849998950958253,"orthographic":false}