{"cameraMode":{"drawMode":0,"name":"Shaded","section":"Shading Mode"},"sceneLighting":false,"audioPlay":false,"sceneViewState":{"showFog":true,"showMaterialUpdate":false,"showSkybox":false,"showFlares":true,"showImageEffects":true,"showParticleSystems":true},"in2DMode":false,"pivot":{"x":-5.292202472686768,"y":3.3866899013519289,"z":0.6251312494277954},"rotation":{"x":-0.013863693922758103,"y":0.7141441702842712,"z":-0.014148164540529251,"w":-0.6997225880622864},"size":13.736931800842286,"orthographic":false}