{"cameraMode":{"drawMode":0,"name":"Shaded","section":"Shading Mode"},"sceneLighting":true,"audioPlay":false,"sceneViewState":{"showFog":true,"showMaterialUpdate":false,"showSkybox":true,"showFlares":true,"showImageEffects":true,"showParticleSystems":true},"in2DMode":false,"pivot":{"x":24.899431228637697,"y":19.437171936035158,"z":32.7369270324707},"rotation":{"x":-0.3276835083961487,"y":-0.5067840814590454,"z":0.2163596749305725,"w":-0.7675169706344605},"size":85.0825424194336,"orthographic":false}