{"cameraMode":{"drawMode":0,"name":"Shaded","section":"Shading Mode"},"sceneLighting":false,"audioPlay":false,"sceneViewState":{"showFog":true,"showMaterialUpdate":false,"showSkybox":false,"showFlares":true,"showImageEffects":true,"showParticleSystems":true},"in2DMode":false,"pivot":{"x":-38.00470733642578,"y":23.571470260620118,"z":0.0293731689453125},"rotation":{"x":0.007532608695328236,"y":-0.9703921675682068,"z":-0.030572298914194108,"w":-0.23960016667842866},"size":72.18621826171875,"orthographic":false}